username,email,temporaryPassword
nasca√±o,,9KXC42dTpQm9
mary,mary.smith@student.example.edu,HrtNyjc1rWVu
123456789014,john.doe@student.example.edu,OQWzcM5TlFYL
123456789015,mary.smith@student.example.edu,ZayMoZMd5nUJ
123456789016,john.doe@student.example.edu,aN03OrP0LgrL
123456789017,mary.smith@student.example.edu,KzDA33fOkAZn
123456789018,john.doe@student.example.edu,t2eaLihnBIiO
123456789019,mary.smith@student.example.edu,5N0d0P0O7eN9
123456789020,john.doe@student.example.edu,2Yo9ExzqOgBK
123456789021,mary.smith@student.example.edu,W7geNwn8JbMs
123456789022,john.doe@student.example.edu,c2bPouoYgf82
123456789023,mary.smith@student.example.edu,XYWgKiwGlpMG
123456789024,john.doe@student.example.edu,I2O2vTCRbC9B
123456789025,mary.smith@student.example.edu,lsWvbvsW81Dq
123456789026,john.doe@student.example.edu,OeZdAipjMhl6
123456789027,john.doe@student.example.edu,u9M8cMmC2URh
123456789028,mary.smith@student.example.edu,MM5yCLhf9EGs
123456789029,john.doe@student.example.edu,pSQkbDoDbplM
123456789030,mary.smith@student.example.edu,PBdXC2UmUwXF